"Variable / Field Name","Form Name","Section Header","Field Type","Field Label","Choices, Calculations, OR Slider Labels","Field Note","Text Validation Type OR Show Slider Number","Text Validation Min","Text Validation Max",Identifier?,"Branching Logic (Show field only if...)","Required Field?","Custom Alignment","Question Number (surveys only)","Matrix Group Name","Matrix Ranking?","Field Annotation"
screen1_assigned,screening_api,,text,"Screening assigned to [screen1_assigned]; performed by:",,"change only if assignment has changed",,,,,,y,,,,,
screen1_veri,screening_api,,text,"Verification assigned to [screen1_veri]; performed by:",,"change only if assignment has changed",,,,,,,,,,,
record_no,screening_api,,text,"record_no [references redcap database]",,,,,,,,,,,,,
record_no_preprint,screening_api,,text,"preprint refnr [references redcap database]",,,,,,,,,,,,,
pdf,screening_api,,file,"PDF of article",,,,,,,,,,,,,
authors,screening_api,"Citation meta data",text,Authors,,,,,,,,,,,,,
author_1,screening_api,,text,"First author",,"automatically imported; Lastname, IN",,,,,,,,,,,
year,screening_api,,text,"Publication year",,,,,,,,,,,,,
title,screening_api,,text,Title,,,,,,,,,,,,,
abstract,screening_api,,notes,Abstract,,,,,,,,,,,,,
author1,screening_api,,text,"Author 1",,,,,,,,,,,,,
journal,screening_api,,text,Journal,,,,,,,,,,,,,
issn,screening_api,,text,issn,,,,,,,,,,,,,
volume,screening_api,,text,volume,,,,,,,,,,,,,
issue,screening_api,,text,issue,,,,,,,,,,,,,
pages,screening_api,,text,pages,,,,,,,,,,,,,
doi,screening_api,,text,DOI,,,,,,,,,,,,,
url1,screening_api,,text,URL,,,,,,,,,,,,,
source,screening_api,,dropdown,Source,"1, MedRxiv | 2, BioRxiv | 3, EMBASE | 4, PubMed | 5, Other",,autocomplete,,,,,,,,,,
screen1_comment,screening_api,Screening,notes,Comments,,,,,,,,,,,,,
help,screening_api,,yesno,Help,,,,,,,,,,,,,
pub_ref,screening_api,,text,"Reference number in publication",,,,,,,,,,,,,
review,screening_api,,dropdown,"To be included in the review","1, Yes | 2, No",,,,,,,y,RH,,,,
ex_reas,screening_api,,dropdown,"Reason for exclusion","1, Excluded based on title/abstract | 11, Publication not on COVID-19 | 12, No original data | 13, Data included in other publication (i.e. same population reported twice) | 14, Duplicate (i.e. exact same article) | 15, Insufficient extractable data | 16, Study design inappropriate | 17, Infections not diagnosed with a molecular test OR serologic test | 19, Aim of mathematical model not in review scope | 20, Inadequate or undocumented follow-up time | 21, Preprint of published article | 18, Other",,,,,,,,,,,,
serological_study,screening_api,,yesno,"Serological study",,,,,,,,y,,,,,
comment,screening_api,,text,"Comment from screening",,,,,,,,,,,,,
verification,screening_api,,text,"Verification ",,,,,,,,,,,,,
veri_comment,screening_api,,text,"Verification comment",,,,,,,,,,,,,
